age,income_k,credit_score,approved
24,43,773,1
55,69,590,0
49,29,793,1
40,40,593,1
40,90,638,0
58,96,711,1
24,117,540,0
51,56,678,1
29,60,661,0
25,70,750,1
44,43,818,1
63,37,712,0
53,70,630,1
54,47,630,0
52,89,633,0
55,67,760,1
43,104,602,1
26,92,553,0
57,55,606,0
40,104,507,0
43,101,533,1
37,62,528,0
29,52,746,0
61,90,731,1
55,38,722,1
49,44,647,1
38,26,729,1
57,100,551,0
44,88,788,1
40,92,660,0
40,99,800,1
30,69,548,0
25,79,659,0
45,38,722,0
60,36,658,1
23,88,642,0
58,70,553,0
57,79,621,0
33,98,576,0
48,85,596,1
28,78,718,1
54,78,701,1
51,54,694,1
36,28,615,0
23,66,807,0
63,45,528,0
40,64,609,0
60,106,537,0
50,47,608,0
55,31,807,1
